<?xml version="1.0" encoding="UTF-8"?>
<project-private xmlns="http://www.netbeans.org/ns/project-private/1">
    <editor-bookmarks xmlns="http://www.netbeans.org/ns/editor-bookmarks/2" lastBookmarkId="0"/>
    <open-files xmlns="http://www.netbeans.org/ns/projectui-open-files/2">
        <group>
            <file>file:/C:/Users/jorda/OneDrive/Documentos/NetBeansProjects/Practica2/web/index.html</file>
            <file>file:/C:/Users/jorda/OneDrive/Documentos/NetBeansProjects/Practica2/web/WEB-INF/web.xml</file>
            <file>file:/C:/Users/jorda/OneDrive/Documentos/NetBeansProjects/Practica2/src/java/FCFM/IpFecha.java</file>
            <file>file:/C:/Users/jorda/OneDrive/Documentos/NetBeansProjects/Practica2/web/META-INF/context.xml</file>
        </group>
    </open-files>
</project-private>
